URL,Description
http://enroll.dlsu.edu.ph/dlsu/dts,Document Tracking
http://gateway.dlsu.edu.ph,DLSU Gateway
http://themuseum.dlsu.edu.ph,The Museum
https://animo.sys.dlsu.edu.ph,Animo.Sys
https://animospace.dlsu.edu.ph,AnimoSpace (Canvas)
https://applyarchershub.dlsu.edu.ph/ApplicationLandingPage/index/DLSU,Applicationlandingpage Index Dlsu
https://law.dlsu.edu.ph,Tañada-Diokno School of Law (TDSOL)
https://my.dlsu.edu.ph,My.DLSU
https://theconcierge.dlsu.edu.ph,Support Portal
https://www.dlsu.edu.ph,DLSU Home Page
https://www.dlsu.edu.ph/109990-2,109990 2
https://www.dlsu.edu.ph/Privacy,Privacy
https://www.dlsu.edu.ph/abet-reaccredits-seven-engineering-programs,Abet Reaccredits Seven Engineering Programs
https://www.dlsu.edu.ph/about-dlsu,About
https://www.dlsu.edu.ph/about-dlsu/ourcorevalues,Our Core Values
https://www.dlsu.edu.ph/about-dlsu/www.dlsu.edu.ph,De La Salle University
https://www.dlsu.edu.ph/accessibility,Accessibility
https://www.dlsu.edu.ph/administration,DLSU Administration
https://www.dlsu.edu.ph/admissions,Admissions
https://www.dlsu.edu.ph/admissions/graduate,Graduate
https://www.dlsu.edu.ph/admissions/graduate/degree-programs,Degree Programs
https://www.dlsu.edu.ph/admissions/graduate/graduate-viewbooks,Graduate Studies Viewbook
https://www.dlsu.edu.ph/admissions/scholarships,Scholarships
https://www.dlsu.edu.ph/admissions/scholarships/grants/st-mutien-marie-scholarship-grant-graduate,Admissions Scholarships Grants St Mutien Marie Scholarship Grant Graduate
https://www.dlsu.edu.ph/admissions/undergraduate,Undergraduate
https://www.dlsu.edu.ph/admissions/undergraduate/degree-programs,Degree Programs
https://www.dlsu.edu.ph/apply,Scholarships and Admissions Office
https://www.dlsu.edu.ph/athletics,Office of Sports Development (OSD)
https://www.dlsu.edu.ph/back-to-reign-green-archers-take-their-stand-in-season-88,Back To Reign Green Archers Take Their Stand In Season 88
https://www.dlsu.edu.ph/bituin/hr,HRIS Portal
https://www.dlsu.edu.ph/brothers,De La Salle Brothers
https://www.dlsu.edu.ph/brothers/foundation-principles-lasallian-formation,Foundation Principles of Lasallian Formation
https://www.dlsu.edu.ph/brothers/lasallian-volunteer-program,Lasallian Volunteer Program
https://www.dlsu.edu.ph/brothers/streaming-videos-brothers,Streaming Videos (Brothers)
https://www.dlsu.edu.ph/brothers/vocation-animation-resources,Vocation Animation Resources
https://www.dlsu.edu.ph/campus-map,Campus Map
https://www.dlsu.edu.ph/campuses,Campuses
https://www.dlsu.edu.ph/campuses/makati,Makati
https://www.dlsu.edu.ph/campuses/manila,Manila
https://www.dlsu.edu.ph/campuses/rufino,Rufino (BGC)
https://www.dlsu.edu.ph/category/institutional,See more >
https://www.dlsu.edu.ph/category/vcri/sdrc,Social Development Research Center (SDRC)
https://www.dlsu.edu.ph/cdn-cgi/l/email-protection,[email protected]
https://www.dlsu.edu.ph/code-of-ethics,Code of Ethics
https://www.dlsu.edu.ph/college-administration,College Administration List
https://www.dlsu.edu.ph/colleges,Academics
https://www.dlsu.edu.ph/colleges/bagced,Brother Andrew Gonzalez FSC College of Education
https://www.dlsu.edu.ph/colleges/bagced/academic-departments/counseling-educational-psychology,Counseling and Educational Psychology
https://www.dlsu.edu.ph/colleges/bagced/academic-departments/educational-leadership-management,Educational Leadership and Management
https://www.dlsu.edu.ph/colleges/bagced/academic-departments/english-applied-linguistics,English and Applied Linguistics
https://www.dlsu.edu.ph/colleges/bagced/academic-departments/physical-education,Physical Education
https://www.dlsu.edu.ph/colleges/bagced/academic-departments/science-education,Science Education
https://www.dlsu.edu.ph/colleges/ccs,College of Computer Studies
https://www.dlsu.edu.ph/colleges/ccs/academic-departments/computer-technology,Computer Technology
https://www.dlsu.edu.ph/colleges/ccs/academic-departments/information-technology,Information Technology
https://www.dlsu.edu.ph/colleges/ccs/academic-departments/software-technology,Software Technology
https://www.dlsu.edu.ph/colleges/cla,College of Liberal Arts
https://www.dlsu.edu.ph/colleges/cla/academic-departments/behavioral-sciences,Behavioral Sciences
https://www.dlsu.edu.ph/colleges/cla/academic-departments/communication,Communication
https://www.dlsu.edu.ph/colleges/cla/academic-departments/filipino,Filipino
https://www.dlsu.edu.ph/colleges/cla/academic-departments/history,History
https://www.dlsu.edu.ph/colleges/cla/academic-departments/international-studies,International Studies
https://www.dlsu.edu.ph/colleges/cla/academic-departments/literature,Literature
https://www.dlsu.edu.ph/colleges/cla/academic-departments/philosophy,Philosophy
https://www.dlsu.edu.ph/colleges/cla/academic-departments/political-science,Political Science
https://www.dlsu.edu.ph/colleges/cla/academic-departments/psychology,Psychology
https://www.dlsu.edu.ph/colleges/cla/academic-departments/theology-religious-education,Theology and Religious Education
https://www.dlsu.edu.ph/colleges/cos,College of Science
https://www.dlsu.edu.ph/colleges/cos/departments/biology,Biology
https://www.dlsu.edu.ph/colleges/cos/departments/chemistry,Chemistry
https://www.dlsu.edu.ph/colleges/cos/departments/mathematics,Mathematics and Statistics
https://www.dlsu.edu.ph/colleges/cos/departments/physics,Physics
https://www.dlsu.edu.ph/colleges/gcoe,Gokongwei College of Engineering
https://www.dlsu.edu.ph/colleges/gcoe/academic-departments/chemical-engineering,Chemical Engineering
https://www.dlsu.edu.ph/colleges/gcoe/academic-departments/civil-engineering,Civil Engineering
https://www.dlsu.edu.ph/colleges/gcoe/academic-departments/electronics-communications-engineering,Electronics and Communications Engineering
https://www.dlsu.edu.ph/colleges/gcoe/academic-departments/industrial-engineering,Industrial Engineering
https://www.dlsu.edu.ph/colleges/gcoe/academic-departments/manufacturing-engineering-management,Manufacturing Engineering and Management
https://www.dlsu.edu.ph/colleges/gcoe/academic-departments/mechanical-engineering,Mechanical Engineering
https://www.dlsu.edu.ph/colleges/rvrcob,Ramon V. del Rosario College of Business
https://www.dlsu.edu.ph/colleges/rvrcob/academic-departments/accountancy,Accountancy
https://www.dlsu.edu.ph/colleges/rvrcob/academic-departments/commercial-law,Commercial Law
https://www.dlsu.edu.ph/colleges/rvrcob/academic-departments/dsi,Decision Sciences and Innovation
https://www.dlsu.edu.ph/colleges/rvrcob/academic-departments/management-financial-institutions,Management of Financial Institutions
https://www.dlsu.edu.ph/colleges/rvrcob/academic-departments/management-organization-department,Management and Organization Department
https://www.dlsu.edu.ph/colleges/rvrcob/academic-departments/marketing-management,Marketing Management
https://www.dlsu.edu.ph/colleges/soe,Carlos L. Tiu School of Economics
https://www.dlsu.edu.ph/colleges/tdsol,Tañada-Diokno School of Law
https://www.dlsu.edu.ph/conferences,Conferences
https://www.dlsu.edu.ph/contact-us-2,Contact us
https://www.dlsu.edu.ph/dlsu-city-of-manila-strengthen-partnership-on-localizing-un-sdgs,Dlsu City Of Manila Strengthen Partnership On Localizing Un Sdgs
https://www.dlsu.edu.ph/dlsu-improves-standing-in-global-sustainability-rankings,Dlsu Improves Standing In Global Sustainability Rankings
https://www.dlsu.edu.ph/dlsu-inaugurates-kist-park-at-laguna-campus,Dlsu Inaugurates Kist Park At Laguna Campus
https://www.dlsu.edu.ph/dlsu-is-phls-healthiest-university-for-third-straight-year,Dlsu Is Phls Healthiest University For Third Straight Year
https://www.dlsu.edu.ph/dlsu-prof-first-filipino-to-receive-yale-emerging-climate-leaders-fellowship,Dlsu Prof First Filipino To Receive Yale Emerging Climate Leaders Fellowship
https://www.dlsu.edu.ph/dlsu-profs-given-highest-recognition-by-intl-ergonomics-body,Dlsu Profs Given Highest Recognition By Intl Ergonomics Body
https://www.dlsu.edu.ph/dlsu-woodpushers-cap-off-impressive-s87-run-with-new-milestones,Dlsu Woodpushers Cap Off Impressive S87 Run With New Milestones
https://www.dlsu.edu.ph/dlsu-woodpushers-reap-double-bronze-glory-in-s87-blitz-chess-tournament,Dlsu Woodpushers Reap Double Bronze Glory In S87 Blitz Chess Tournament
https://www.dlsu.edu.ph/emeriti,DLSU Emeriti
https://www.dlsu.edu.ph/enrollment-services-hub,Enrollment Services Hub
https://www.dlsu.edu.ph/faculty,Faculty
https://www.dlsu.edu.ph/faculty/visiting-faculty-scholars,Visiting Professors
https://www.dlsu.edu.ph/gcoe-students-sweep-awards-at-the-86th-piche-student-congress,Gcoe Students Sweep Awards At The 86th Piche Student Congress
https://www.dlsu.edu.ph/give,Give
https://www.dlsu.edu.ph/green-archers-clinch-finals-ticket-with-gritty-victory-over-nccu,Green Archers Clinch Finals Ticket With Gritty Victory Over Nccu
https://www.dlsu.edu.ph/green-jins-end-11-year-championship-drought-with-5-0-league-sweep,Green Jins End 11 Year Championship Drought With 5 0 League Sweep
https://www.dlsu.edu.ph/guiding-principles,Lasallian Guiding Principles
https://www.dlsu.edu.ph/history-and-traditions,History and Traditions
https://www.dlsu.edu.ph/history-professor-receives-papal-award,History Professor Receives Papal Award
https://www.dlsu.edu.ph/honorary-degree-awardees,Honorary Degree Awardees
https://www.dlsu.edu.ph/hungry-for-more-green-booters-go-all-in-as-they-enter-season-87,Hungry For More Green Booters Go All In As They Enter Season 87
https://www.dlsu.edu.ph/i-viewbook,Undergraduate Viewbook
https://www.dlsu.edu.ph/inside,Facts and Figures
https://www.dlsu.edu.ph/inside/alma_mater,Alma Mater Hymn
https://www.dlsu.edu.ph/inside/board-advisors,Board of Advisors
https://www.dlsu.edu.ph/inside/campus-map,Campus Map
https://www.dlsu.edu.ph/inside/contact-information,Contact Information
https://www.dlsu.edu.ph/inside/guiding-principles,Guiding Principles
https://www.dlsu.edu.ph/inside/guiding-principles/education,Principles of Lasallian Education in the Philippines
https://www.dlsu.edu.ph/inside/guiding-principles/formation,Foundational Principles of Lasallian Formation
https://www.dlsu.edu.ph/inside/guiding-principles/social-development,Principles of Lasallian Social Development
https://www.dlsu.edu.ph/inside/guiding-principles/www.dlsu.edu.ph,De La Salle University
https://www.dlsu.edu.ph/inside/history-and-traditions,History and Traditions
https://www.dlsu.edu.ph/inside/history-and-traditions/www.dlsu.edu.ph,De La Salle University
https://www.dlsu.edu.ph/inside/lasalliana,Lasalliana
https://www.dlsu.edu.ph/inside/lasalliana/greenwhite,Why Green and White?
https://www.dlsu.edu.ph/inside/lasalliana/standards-visual-identity,Institutional Identification Manual 2025
https://www.dlsu.edu.ph/inside/lasalliana/stjohn,St. John Baptist De La Salle
https://www.dlsu.edu.ph/inside/lasalliana/style-guide,Style Guide
https://www.dlsu.edu.ph/inside/lasalliana/the-university-identity,The University Identity
https://www.dlsu.edu.ph/inside/organizations,Organizations
https://www.dlsu.edu.ph/inside/university-governance,University Governance
https://www.dlsu.edu.ph/inside/university-governance/www.dlsu.edu.ph,De La Salle University
https://www.dlsu.edu.ph/inside/vision-mission,Vision-Mission
https://www.dlsu.edu.ph/inside/www.dlsu.edu.ph,De La Salle University
https://www.dlsu.edu.ph/integrated-school,Integrated School
https://www.dlsu.edu.ph/integratedschool,Integrated School Academic Services Office
https://www.dlsu.edu.ph/integratedschool-test/senior-high-school,Senior High School
https://www.dlsu.edu.ph/jobs,Jobs@DLSU
https://www.dlsu.edu.ph/la-salle-cebu-pacific-ink-moa-on-design-engineering-program,La Salle Cebu Pacific Ink Moa On Design Engineering Program
https://www.dlsu.edu.ph/lady-jins-secure-podium-finish-to-end-uaap-season-87-campaign,Lady Jins Secure Podium Finish To End Uaap Season 87 Campaign
https://www.dlsu.edu.ph/laguna-campus,Laguna
https://www.dlsu.edu.ph/laguna-campus/vice-chancellor-laguna-campus,Office of the Vice President for Laguna Campus and Dean of the College
https://www.dlsu.edu.ph/lasallian-mission-in-action-for-pearl-s-buck-foundation,Lasallian Mission In Action For Pearl S Buck Foundation
https://www.dlsu.edu.ph/lasallianmission,Lasallian Mission
https://www.dlsu.edu.ph/lasallianmission/cosca,Center for Social Concern and Action
https://www.dlsu.edu.ph/lasallianmission/lseed,Lasallian Social Enterprise for Economic Development (LSEED)
https://www.dlsu.edu.ph/lasallianmission/lspo,Lasallian Pastoral Office
https://www.dlsu.edu.ph/lasallianmission/research/lasallian-mission-at-dlsu/lasallian-mission-office-laguna,Lasallian Mission at The Laguna Campus
https://www.dlsu.edu.ph/lasallians-receive-recognition-at-the-international-conference-in-engineering-education-2025,Lasallians Receive Recognition At The International Conference In Engineering Education 2025
https://www.dlsu.edu.ph/library,Libraries
https://www.dlsu.edu.ph/linkages,Linkages
https://www.dlsu.edu.ph/mentality-in-the-court-green-spikers-seek-redemption-in-season-87,Mentality In The Court Green Spikers Seek Redemption In Season 87
https://www.dlsu.edu.ph/newsletter,View More
https://www.dlsu.edu.ph/office/asist,Academic Support for Instructional Services Technology (ASIST)
https://www.dlsu.edu.ph/offices,Offices
https://www.dlsu.edu.ph/offices/accounting,Finance and Accounting Office
https://www.dlsu.edu.ph/offices/bamcref,Lasallian Catechetical Center (BAMCREF)
https://www.dlsu.edu.ph/offices/cao,Culture and Arts Office
https://www.dlsu.edu.ph/offices/cosca,Center for Social Concern and Action (COSCA)
https://www.dlsu.edu.ph/offices/erio,External Relations and Internationalization
https://www.dlsu.edu.ph/offices/hub,Enrollment Services Hub
https://www.dlsu.edu.ph/offices/hub/cav-ched-requests,CAV CHED requests
https://www.dlsu.edu.ph/offices/hub/satellite-offices,Office of Satellite Campus Facilities Administration (OSCFA)
https://www.dlsu.edu.ph/offices/iteo,Institutional Testing and Evaluation Office (ITEO)
https://www.dlsu.edu.ph/offices/its,Office of the Vice President for Information Technology/ Chief Information Officer
https://www.dlsu.edu.ph/offices/lspo,Lasallian Pastoral Office (LSPO)
https://www.dlsu.edu.ph/offices/oavccs,Campus Services Office
https://www.dlsu.edu.ph/offices/oavccs/hso,Health Services Office (HSO)
https://www.dlsu.edu.ph/offices/office-of-personnel-management-opm,"Community, Culture, and Human Resource Services Office (former OPM)"
https://www.dlsu.edu.ph/offices/office-vice-chancellor-academics,Office of the Provost
https://www.dlsu.edu.ph/offices/office-vice-chancellor-campus-development,Campus Development Office
https://www.dlsu.edu.ph/offices/office-vice-chancellor-research-innovation,Office of the Vice President for Research and Innovation (VPRI)
https://www.dlsu.edu.ph/offices/osa,Student Affairs
https://www.dlsu.edu.ph/offices/osa-reference/cao,Culture and Arts Office (CAO)
https://www.dlsu.edu.ph/offices/osa-reference/nfo,NSTP and Formation Office
https://www.dlsu.edu.ph/offices/osa-reference/osd,Office of Sports Development
https://www.dlsu.edu.ph/offices/osa-reference/s-life,"Student Leadership, Involvement, Formation and Empowerment Office"
https://www.dlsu.edu.ph/offices/osa-reference/sdfo,Student Discipline Formation Office
https://www.dlsu.edu.ph/offices/osa/nfo,NSTP and Formation Office (NFO)
https://www.dlsu.edu.ph/offices/osa/occs-home,Counseling and Psychological Services Office
https://www.dlsu.edu.ph/offices/osa/s-life,Student Life
https://www.dlsu.edu.ph/offices/osa/sdfo,Student Discipline Formation Office (SDFO)
https://www.dlsu.edu.ph/offices/osa/smo,Student Media Office
https://www.dlsu.edu.ph/offices/ovperi,External Relations
https://www.dlsu.edu.ph/offices/ovperi/international-short-courses,International Short Courses
https://www.dlsu.edu.ph/offices/ovperi/sep,Exchange Programs
https://www.dlsu.edu.ph/offices/ovplm/cosca/research,Community Engagement Publications “Involved”
https://www.dlsu.edu.ph/offices/ovplm/cosca/what-we-do,Community Engagement Projects
https://www.dlsu.edu.ph/offices/ovplm/cosca/who-we-are/our-values/cef,Community Engagement Framework
https://www.dlsu.edu.ph/offices/ovplm/lasallian-mission-office-laguna-campus-overview,Lasallian Mission in DLSU-Laguna Campus
https://www.dlsu.edu.ph/offices/ovplm/lasallian-reflection-framework,Lasallian Reflection Framework
https://www.dlsu.edu.ph/offices/ovplm/lspo,About Faith Formation
https://www.dlsu.edu.ph/offices/ovplm/lspo/we-sit,Faith Formation
https://www.dlsu.edu.ph/offices/ovplm/smo,Student Media Office
https://www.dlsu.edu.ph/offices/ovplm/social-engagement,Social Engagement Primer
https://www.dlsu.edu.ph/offices/president,DLSU President
https://www.dlsu.edu.ph/offices/president/aaro,Alumni
https://www.dlsu.edu.ph/offices/president/about-the-president,About the President
https://www.dlsu.edu.ph/offices/president/alumni-relations,Advancement and Alumni Relations Office (AARO)
https://www.dlsu.edu.ph/offices/president/default.asp,Office of the President
https://www.dlsu.edu.ph/offices/president/legal-counsel,Office of the University Legal Counsel
https://www.dlsu.edu.ph/offices/president/mandate,Mandate
https://www.dlsu.edu.ph/offices/president/past-dlsu-presidents,List of past DLSU Presidents
https://www.dlsu.edu.ph/offices/president/the-presidents-report,The President’s Report
https://www.dlsu.edu.ph/offices/president/university-general-assembly-presidents-address,UGA President’s Address
https://www.dlsu.edu.ph/offices/president/uso,University Sustainability Office
https://www.dlsu.edu.ph/offices/registrar,University Registrar
https://www.dlsu.edu.ph/offices/registrar/academic-calendar,Academic Calendar
https://www.dlsu.edu.ph/offices/registrar/cost-of-studies/request-for-documents,Request for Documents
https://www.dlsu.edu.ph/offices/registrar/document_request,Request for Documents
https://www.dlsu.edu.ph/offices/reo,University Research Ethics
https://www.dlsu.edu.ph/offices/rmca,"Office of the Risk Management, Compliance, and Audit (RMCA)"
https://www.dlsu.edu.ph/offices/stratcom,Office for Strategic Communications (STRATCOM)
https://www.dlsu.edu.ph/offices/vcadmin,Office of the Vice President for Administration
https://www.dlsu.edu.ph/offices/vcadmin/oavccs/cso,Campus Sustainability Office (CSO)
https://www.dlsu.edu.ph/offices/vcadmin/oavccs/po,Supply Chain Management Office
https://www.dlsu.edu.ph/offices/vcadmin/oavccs/sso,Support Services Office (SSO)
https://www.dlsu.edu.ph/offices/vcadmin/oavcfm,Facilities Management Office
https://www.dlsu.edu.ph/offices/vcadmin/oavcfm/bgmo,Building and Grounds Maintenance Office (BGMO)
https://www.dlsu.edu.ph/offices/vcadmin/oavcfm/cswo,Civil and Sanitary Works Office (CSWO)
https://www.dlsu.edu.ph/offices/vcadmin/oavcfm/mewo,Mechanical and Electrical Works Office (MEWO)
https://www.dlsu.edu.ph/offices/vcadmin/security-office,Security Office (SO)
https://www.dlsu.edu.ph/offices/vcadmin/university-safety-office,University Safety Office (USO)
https://www.dlsu.edu.ph/offices/vcri,Office of the Vice President for Research and Innovation (VPRI)
https://www.dlsu.edu.ph/offices/www.dlsu.edu.ph,De La Salle University
https://www.dlsu.edu.ph/ovplm,The Lasallian Mission
https://www.dlsu.edu.ph/personnel/balay,The Balay Program
https://www.dlsu.edu.ph/personnel/balay/five-balays,The Five Balays
https://www.dlsu.edu.ph/personnel/balay/four-balays,The Four Balays
https://www.dlsu.edu.ph/privacy,Privacy Policy
https://www.dlsu.edu.ph/research,Research
https://www.dlsu.edu.ph/research-1/centers/shore/coenomap,Coenomap
https://www.dlsu.edu.ph/research/abstracts,Abstracts
https://www.dlsu.edu.ph/research/journals,Journals
https://www.dlsu.edu.ph/research/offices,Research Offices
https://www.dlsu.edu.ph/research/offices/dipo,DLSU Intellectual Property Office (DIPO)
https://www.dlsu.edu.ph/research/offices/dito,DLSU Innovation and Technology Office (DITO)
https://www.dlsu.edu.ph/research/offices/reo,Research Ethics Office (REO)
https://www.dlsu.edu.ph/research/offices/urco,Research and Grants Management Office
https://www.dlsu.edu.ph/research/projects/algae-big-hub,Algae Big Hub
https://www.dlsu.edu.ph/research/publications,Publications
https://www.dlsu.edu.ph/research/publishing-house,DLSU Publishing House (DLSUPH)
https://www.dlsu.edu.ph/research/research-centers,Centers (1)
https://www.dlsu.edu.ph/research/research-centers/adric,"Advanced Research Institute for Informatics, Computing and Networking (AdRIC)"
https://www.dlsu.edu.ph/research/research-centers/aki,Angelo King Institute for Economics and Business Studies (AKIEBS)
https://www.dlsu.edu.ph/research/research-centers/bnscwc,Bienvenido N. Santos Creative Writing Center (BNSCWC)
https://www.dlsu.edu.ph/research/research-centers/cbrd,Center for Business Research and Development (CBRD)
https://www.dlsu.edu.ph/research/research-centers/censer,College of Science Center for Natural Sciences and Environmental Research (CENSER)
https://www.dlsu.edu.ph/research/research-centers/censer/censer-3,Center for Natural Sciences and Environmental Research (CENSER)
https://www.dlsu.edu.ph/research/research-centers/censer/college-of-science-center-for-natural-sciences-and-environmental-research,Center for Natural Sciences and Environmental Research (CENSER)
https://www.dlsu.edu.ph/research/research-centers/cesdr,Center for Engineering and Sustainable Development Research (CESDR)
https://www.dlsu.edu.ph/research/research-centers/ibeht,Institute of Biomedical Engineering and Health Technologies (DLSU-IBEHT)
https://www.dlsu.edu.ph/research/research-centers/jmrig,Jesse M. Robredo Institute of Governance (JMRIG)
https://www.dlsu.edu.ph/research/research-centers/lider,Lasallian Institute for Development and Educational Research (LIDER)
https://www.dlsu.edu.ph/research/research-centers/sdrc,Social Development Research Center (SDRC)
https://www.dlsu.edu.ph/research/research-centers/sdrc/home,Social Development Research Center (SDRC)
https://www.dlsu.edu.ph/research/research-centers/shore,Br. Alfred Shields FSC Ocean Research (SHORE)
https://www.dlsu.edu.ph/research/research-centers/southeast-asia-research-center-and-hub,Southeast Asia Research Center and Hub (SEARCH)
https://www.dlsu.edu.ph/research/research-centers/tala,Thermomechanical Analysis Laboratory
https://www.dlsu.edu.ph/research/research-centers/yuchengco-center,Yuchengco Center (YC)
https://www.dlsu.edu.ph/research/research-manual,Manuals
https://www.dlsu.edu.ph/safe-space-act-ra11313,Safe Spaces Act |
https://www.dlsu.edu.ph/scholarships,Scholarships
https://www.dlsu.edu.ph/shs-research-congress/%20,SHS Research Congress
https://www.dlsu.edu.ph/smqa,Quality@DLSU
https://www.dlsu.edu.ph/soll,School of Lifelong Learning
https://www.dlsu.edu.ph/southgate,Website Portal
https://www.dlsu.edu.ph/southgate/?redirect_to=https%3A%2F%2Fwww.dlsu.edu.ph%2Fjobs%2F,Sign in
https://www.dlsu.edu.ph/staff-directory,Staff Directory
https://www.dlsu.edu.ph/students,Campus Life
https://www.dlsu.edu.ph/students/cso,Student Organizations
https://www.dlsu.edu.ph/students/international,Global
https://www.dlsu.edu.ph/students/international/experience-dlsu,DLSU Experience
https://www.dlsu.edu.ph/students/services,Student Resources
https://www.dlsu.edu.ph/tdsol,Tañada-Diokno School of Law
https://www.dlsu.edu.ph/terms,Terms
https://www.dlsu.edu.ph/the-dynasty-begins-green-aces-etch-legacy-with-back-to-back-championship-in-s87,The Dynasty Begins Green Aces Etch Legacy With Back To Back Championship In S87
https://www.dlsu.edu.ph/three-for-glory-green-archers-secure-historic-3x3-three-peat,Three For Glory Green Archers Secure Historic 3x3 Three Peat
https://www.dlsu.edu.ph/university-fellows,DLSU Fellows
https://www.dlsu.edu.ph/university-fellows/brother-andrew-b-gonzalez-fsc,"Gonzalez, Andrew B."
https://www.dlsu.edu.ph/university-fellows/dr-carmelita-i-quebengco,"Quebengco, Carmelita Ignacio"
https://www.dlsu.edu.ph/university-fellows/dr-cirilo-f-bautista,"Bautista, Cirilo F."
https://www.dlsu.edu.ph/university-fellows/dr-claro-r-ceniza,"Ceniza, Claro R."
https://www.dlsu.edu.ph/university-fellows/dr-clodualdo-a-del-mundo-jr,"Del Mundo, Clodualdo A."
https://www.dlsu.edu.ph/university-fellows/dr-emerita-quitoi,"Quito, Emerita S."
https://www.dlsu.edu.ph/university-fellows/dr-isagani-r-cruz,"Cruz, Isagani R."
https://www.dlsu.edu.ph/university-fellows/dr-ma-lourdes-s-bautista,"Bautista, Ma. Lourdes S."
https://www.dlsu.edu.ph/university-fellows/dr-marcelino-a-foronda-jr,"Foronda, Marcelino Jr. A."
https://www.dlsu.edu.ph/university-fellows/dr-marie-marjorie-evasco-pernia,"Pernia, Marie Marjorie Evasco"
https://www.dlsu.edu.ph/university-fellows/dr-rose-marie-clemena,"Clemeña, Rose Marie S."
https://www.dlsu.edu.ph/university-fellows/dr-severino-v-gervacio,"Gervacio, Severino V."
https://www.dlsu.edu.ph/university-fellows/dr-tereso-s-tullao-jr,"Tullao, Tereso Jr. S."
https://www.dlsu.edu.ph/university-fellows/dr-wilfrido-v-villacorta,"Villacorta, Wilfrido V."
https://www.dlsu.edu.ph/university-fellows/excelsior-history-university-fellows,Excelsior: History of the University Fellows
https://www.dlsu.edu.ph/university-fellows/exemplars-of-excellence,View List of University Fellows
https://www.dlsu.edu.ph/university-governance,University Governance
https://www.dlsu.edu.ph/vcadmin/oavcfm,Facilities Management Office
https://www.dlsu.edu.ph/viridis-arcus-clinch-uaap-valorant-gold-for-dlsu,Viridis Arcus Clinch Uaap Valorant Gold For Dlsu
https://www.dlsu.edu.ph/whats-a-more-sustainable-way-to-combat-cacao-pests,READ MORE
https://www.dlsu.edu.ph/www.dlsu.edu.ph,De La Salle University
